business_id,sector,district,rating,review_count,address_listed,phone_listed,hours_listed,price_listed,captured_date,sample_type
ALSV26-001,restaurant,Muratpaşa,4.7,1224.0,1,1,1,1,2026-08-24,purposeful_local_search_visibility_sample
ALSV26-002,restaurant,Muratpaşa,4.9,2681.0,1,1,1,1,2026-08-24,purposeful_local_search_visibility_sample
ALSV26-003,restaurant,Muratpaşa,4.1,355.0,1,1,1,1,2026-08-24,purposeful_local_search_visibility_sample
ALSV26-004,restaurant,Muratpaşa,4.5,1188.0,1,1,1,0,2026-08-24,purposeful_local_search_visibility_sample
ALSV26-005,restaurant,Muratpaşa,4.2,2845.0,1,1,1,1,2026-08-24,purposeful_local_search_visibility_sample
ALSV26-006,dental_clinic,Muratpaşa,5.0,178.0,1,1,1,0,2026-08-24,purposeful_local_search_visibility_sample
ALSV26-007,dental_clinic,Muratpaşa,4.9,209.0,1,1,1,0,2026-08-24,purposeful_local_search_visibility_sample
ALSV26-008,dental_clinic,Muratpaşa,5.0,103.0,1,1,1,0,2026-08-24,purposeful_local_search_visibility_sample
ALSV26-009,law_firm,Muratpaşa,4.9,91.0,1,1,1,0,2026-08-24,purposeful_local_search_visibility_sample
ALSV26-010,law_firm,Muratpaşa,5.0,109.0,1,1,1,0,2026-08-24,purposeful_local_search_visibility_sample
ALSV26-011,law_firm,Muratpaşa,5.0,45.0,1,1,1,0,2026-08-24,purposeful_local_search_visibility_sample
ALSV26-012,real_estate,Muratpaşa,4.8,217.0,1,1,1,0,2026-08-24,purposeful_local_search_visibility_sample
ALSV26-013,real_estate,Konyaaltı,4.5,344.0,1,1,1,0,2026-08-24,purposeful_local_search_visibility_sample
ALSV26-014,real_estate,Muratpaşa,,,1,0,0,0,2026-08-24,purposeful_local_search_visibility_sample
ALSV26-015,construction,Kepez,5.0,20.0,1,1,1,0,2026-08-24,purposeful_local_search_visibility_sample
ALSV26-016,construction,Muratpaşa,5.0,27.0,1,1,1,0,2026-08-24,purposeful_local_search_visibility_sample
ALSV26-017,construction,Konyaaltı,5.0,16.0,1,1,1,0,2026-08-24,purposeful_local_search_visibility_sample
ALSV26-018,auto_service,Kepez,4.8,96.0,1,1,1,0,2026-08-24,purposeful_local_search_visibility_sample
ALSV26-019,auto_service,Kepez,4.9,126.0,1,1,1,0,2026-08-24,purposeful_local_search_visibility_sample
ALSV26-020,auto_service,Kepez,4.8,72.0,1,1,1,0,2026-08-24,purposeful_local_search_visibility_sample
ALSV26-021,hotel,Muratpaşa,4.2,8645.0,1,1,0,1,2026-08-24,purposeful_local_search_visibility_sample
ALSV26-022,hotel,Muratpaşa,4.6,5268.0,1,1,0,1,2026-08-24,purposeful_local_search_visibility_sample
ALSV26-023,hotel,Muratpaşa,4.4,3530.0,1,1,0,1,2026-08-24,purposeful_local_search_visibility_sample
ALSV26-024,hotel,Muratpaşa,4.3,1760.0,1,1,0,1,2026-08-24,purposeful_local_search_visibility_sample
ALSV26-025,beauty_salon,Muratpaşa,4.9,55.0,1,1,1,0,2026-08-24,purposeful_local_search_visibility_sample
ALSV26-026,beauty_salon,Muratpaşa,4.8,68.0,1,1,1,0,2026-08-24,purposeful_local_search_visibility_sample
ALSV26-027,beauty_salon,Konyaaltı,4.9,104.0,1,1,1,0,2026-08-24,purposeful_local_search_visibility_sample
ALSV26-028,beauty_salon,Muratpaşa,4.9,48.0,1,1,1,0,2026-08-24,purposeful_local_search_visibility_sample
ALSV26-029,gym,Muratpaşa,4.5,465.0,1,1,1,1,2026-08-24,purposeful_local_search_visibility_sample
ALSV26-030,gym,Konyaaltı,4.4,782.0,1,1,1,0,2026-08-24,purposeful_local_search_visibility_sample
ALSV26-031,gym,Kepez,4.7,208.0,1,1,1,0,2026-08-24,purposeful_local_search_visibility_sample
ALSV26-032,cafe,Muratpaşa,4.7,440.0,1,1,1,1,2026-08-24,purposeful_local_search_visibility_sample
ALSV26-033,cafe,Muratpaşa,4.8,1840.0,1,1,1,1,2026-08-24,purposeful_local_search_visibility_sample
ALSV26-034,cafe,Konyaaltı,4.7,324.0,1,0,1,1,2026-08-24,purposeful_local_search_visibility_sample
ALSV26-035,veterinary,Muratpaşa,4.9,37.0,1,1,1,0,2026-08-24,purposeful_local_search_visibility_sample
ALSV26-036,veterinary,Kepez,4.8,72.0,1,1,1,0,2026-08-24,purposeful_local_search_visibility_sample
ALSV26-037,veterinary,Konyaaltı,4.6,31.0,1,1,1,0,2026-08-24,purposeful_local_search_visibility_sample
ALSV26-038,photographer,Muratpaşa,4.9,301.0,1,1,1,0,2026-08-24,purposeful_local_search_visibility_sample
ALSV26-039,photographer,Muratpaşa,4.8,144.0,1,1,1,0,2026-08-24,purposeful_local_search_visibility_sample
ALSV26-040,photographer,Konyaaltı,5.0,452.0,1,1,1,0,2026-08-24,purposeful_local_search_visibility_sample
ALSV26-041,hair_salon,Muratpaşa,4.8,298.0,1,1,1,0,2026-08-24,purposeful_local_search_visibility_sample
ALSV26-042,hair_salon,Konyaaltı,4.9,501.0,1,1,1,0,2026-08-24,purposeful_local_search_visibility_sample
ALSV26-043,hair_salon,Kepez,4.6,164.0,1,1,1,0,2026-08-24,purposeful_local_search_visibility_sample
ALSV26-044,hair_salon,Muratpaşa,4.7,297.0,1,1,1,0,2026-08-24,purposeful_local_search_visibility_sample
ALSV26-045,pharmacy,Muratpaşa,4.6,35.0,1,1,1,0,2026-08-24,purposeful_local_search_visibility_sample
ALSV26-046,pharmacy,Konyaaltı,4.7,67.0,1,1,0,0,2026-08-24,purposeful_local_search_visibility_sample
ALSV26-047,pharmacy,Kepez,4.8,28.0,1,1,1,0,2026-08-24,purposeful_local_search_visibility_sample
ALSV26-048,pharmacy,Muratpaşa,4.6,34.0,1,1,1,0,2026-08-24,purposeful_local_search_visibility_sample
ALSV26-049,car_rental,Muratpaşa,4.8,1087.0,1,1,1,0,2026-08-24,purposeful_local_search_visibility_sample
ALSV26-050,car_rental,Aksu,4.9,2843.0,1,1,1,1,2026-08-24,purposeful_local_search_visibility_sample
ALSV26-051,car_rental,Muratpaşa,4.7,870.0,1,1,1,0,2026-08-24,purposeful_local_search_visibility_sample
ALSV26-052,travel_agency,Muratpaşa,4.8,195.0,1,1,1,0,2026-08-24,purposeful_local_search_visibility_sample
ALSV26-053,travel_agency,Muratpaşa,4.7,269.0,1,1,1,0,2026-08-24,purposeful_local_search_visibility_sample
ALSV26-054,travel_agency,Konyaaltı,4.4,92.0,1,1,1,0,2026-08-24,purposeful_local_search_visibility_sample
ALSV26-055,health_clinic,Muratpaşa,4.8,188.0,1,1,1,0,2026-08-24,purposeful_local_search_visibility_sample
ALSV26-056,health_clinic,Muratpaşa,4.9,329.0,1,1,1,0,2026-08-24,purposeful_local_search_visibility_sample
ALSV26-057,health_clinic,Konyaaltı,4.7,126.0,1,1,1,0,2026-08-24,purposeful_local_search_visibility_sample
ALSV26-058,language_school,Muratpaşa,4.7,107.0,1,1,1,0,2026-08-24,purposeful_local_search_visibility_sample
ALSV26-059,language_school,Konyaaltı,4.6,146.0,1,1,1,0,2026-08-24,purposeful_local_search_visibility_sample
ALSV26-060,language_school,Kepez,4.5,81.0,1,1,1,0,2026-08-24,purposeful_local_search_visibility_sample
